Question,Answer,Source,Relevance
What is the main purpose of the Theoretical Computer Science course?,"The course explores the fundamental concepts of Automata Theory, Formal Grammars, and Computability. It aims to provide students with the knowledge required to understand compilers, focusing on limits of computation, historical milestones, and the theoretical underpinnings of modern computing.",https://eduwiki.innopolis.university/index.php/BSc:_Theoretical_Computer_Science,True
What are the prerequisites for the Theoretical Computer Science course?,"The course requires prior knowledge of Logic and Discrete Mathematics (CSE113), covering topics like set theory, inductive definitions, predicate logic, proof techniques, and algebraic structures.",https://eduwiki.innopolis.university/index.php/BSc:_Theoretical_Computer_Science,True
What are the key topics covered in the Theoretical Computer Science course?,"The course includes Automata Theory (Finite State Automata, Pushdown Automata, Turing Machines), Formal Grammars (Chomsky Hierarchy, Regular Expressions), and Computability (Undecidability, Halting Problem, Rice Theorem).",https://eduwiki.innopolis.university/index.php/BSc:_Theoretical_Computer_Science,False
What are the Intended Learning Outcomes (ILOs) for the Theoretical Computer Science course?,"By the end of the course, students will be able to define and apply concepts from automata theory and formal grammars, model systems with finite state automata, pushdown automata, or Turing machines, and reason about program properties and verification.",https://eduwiki.innopolis.university/index.php/BSc:_Theoretical_Computer_Science,True
What is the grading breakdown for the Theoretical Computer Science course?,"The course grade is based on labs/seminar classes (40%), interim performance assessments (30%), and exams (30%).",https://eduwiki.innopolis.university/index.php/BSc:_Theoretical_Computer_Science,True
What resources are used in the Theoretical Computer Science course?,"The course uses open access resources such as handouts provided by the instructor, and may involve closed access resources and specific software tools for course activities.",https://eduwiki.innopolis.university/index.php/BSc:_Theoretical_Computer_Science,True
What is the final assessment structure for the Theoretical Computer Science course?,"The final assessment includes tasks such as checking if a language is recognized by specific automata, defining grammars for given languages, and proving undecidability results via reduction and diagonalization.",https://eduwiki.innopolis.university/index.php/BSc:_Theoretical_Computer_Science,True
How can students succeed in the Theoretical Computer Science course?,"Students are recommended to actively engage in labs and seminar classes, stay consistent with interim assessments, and thoroughly prepare for exams, while understanding the theoretical concepts deeply.",https://eduwiki.innopolis.university/index.php/BSc:_Theoretical_Computer_Science,True
What is the main purpose of the Data Structures and Algorithms course (BSc)?,"The main purpose of this course is to help students master key concepts related to algorithms, algorithm analysis, algorithmic strategies, and data structures, with a focus on solving real-world problems.",https://eduwiki.innopolis.university/index.php/BSc:_Data_Structures_Algorithms,True
What are the prerequisites for the Data Structures and Algorithms course (BSc)?,"The prerequisites for this course include CSE101 (Introduction to Programming), CSE201 (Mathematical Analysis I), and CSE113 (Logic and Discrete Mathematics).",https://eduwiki.innopolis.university/index.php/BSc:_Data_Structures_Algorithms,True
What are the main topics covered in the Data Structures and Algorithms course (BSc)?,"The course covers topics such as algorithm analysis, elementary data structures, hashing, sorting algorithms, trees, graphs, and algorithmic strategies.",https://eduwiki.innopolis.university/index.php/BSc:_Data_Structures_Algorithms,True
What skills should students have after completing the Data Structures and Algorithms course (BSc)?,"By the end of the course, students should be able to perform algorithmic analysis, implement various data structures, apply algorithmic strategies, and solve real-life problems using trees and graphs.",https://eduwiki.innopolis.university/index.php/BSc:_Data_Structures_Algorithms,True
What is the grading breakdown for the Data Structures and Algorithms course (BSc)?,The grading breakdown is 30% interim performance assessment and 70% exams.,https://eduwiki.innopolis.university/index.php/BSc:_Data_Structures_Algorithms,False
What resources are recommended for the Data Structures and Algorithms course (BSc)?,"Recommended resources include 'Introduction to Algorithms' by Cormen et al., and 'Data Structures and Algorithms in Java' by Goodrich et al. Other closed-access materials and software tools are also used in the course.",https://eduwiki.innopolis.university/index.php/BSc:_Data_Structures_Algorithms,True
What teaching methods are used in the Data Structures and Algorithms course (BSc)?,"The course uses various teaching methods, including the development of software code, homework, group projects, midterm evaluations, and discussions.",https://eduwiki.innopolis.university/index.php/BSc:_Data_Structures_Algorithms,True
What is the final assessment format for the Data Structures and Algorithms course (BSc)?,"The final assessment includes questions on algorithm analysis, tree and graph algorithms, sorting algorithm implementation, and pseudocode for specific operations using different data structures.",https://eduwiki.innopolis.university/index.php/BSc:_Data_Structures_Algorithms,True
What is the grading scale for the Data Structures and Algorithms course (BSc)?,"The grading scale is as follows: A (90-100), B (75-89), C (60-74), D (0-59).",https://eduwiki.innopolis.university/index.php/BSc:_Data_Structures_Algorithms,False
What is the approach to ongoing performance assessment in the Data Structures and Algorithms course (BSc)?,"Ongoing performance assessment includes questions related to asymptotic analysis, algorithmic strategies, and practical implementation of data structures and algorithms. These assessments are graded throughout the course.",https://eduwiki.innopolis.university/index.php/BSc:_Data_Structures_Algorithms,True
What is the main purpose of the Fundamentals of Computer Architecture course?,"The course aims to cover the fundamental theoretical principles of computer systems design, including hardware components, performance metrics, instruction set architecture, computer arithmetics, logic circuits, and the execution of computer instructions using MIPS, FPGA, and Verilog HDL.",https://eduwiki.innopolis.university/index.php/BSc:_Computer_Architecture,False
What are the prerequisites for the Fundamentals of Computer Architecture course?,"Prerequisites include basic knowledge of informatics, programming skills, and an understanding of Boolean logic.",https://eduwiki.innopolis.university/index.php/BSc:_Computer_Architecture,False
What are the key topics covered in the Fundamentals of Computer Architecture course?,"The course covers topics such as key components of computer systems, computational logic, instruction representation, computer arithmetics, processor architecture, and advanced topics like computer security, GPU programming, and memory hierarchy design.",https://eduwiki.innopolis.university/index.php/BSc:_Computer_Architecture,False
What is the grading structure for the Fundamentals of Computer Architecture course?,"Grades are based on labs (15%), quizzes (5%), a midterm exam (20%), a final exam (60%), and optional FPGA projects (2% bonus).",https://eduwiki.innopolis.university/index.php/BSc:_Computer_Architecture,False
What teaching methods are employed in the Fundamentals of Computer Architecture course?,"The course uses activities like individual software development, homework, group projects, quizzes, and oral discussions. It includes both formative and final assessments to evaluate student performance.",https://eduwiki.innopolis.university/index.php/BSc:_Computer_Architecture,False
What is the main focus of the 'Analytical Geometry & Linear Algebra – I' course? - Analytical Geometry & Linear Algebra – I,"The course focuses on vector algebra, equations of lines and planes, conics, quadric surfaces, and provides an introduction to matrices and determinants as part of linear algebra.",https://eduwiki.innopolis.university/index.php/BSc:_Analytic_Geometry_And_Linear_Algebra_I.f22,True
What are the core topics covered in the course? - Analytical Geometry & Linear Algebra – I,"The core topics include vector algebra, line and plane equations, conics, quadric surfaces, and basic linear algebra concepts such as matrices and determinants.",https://eduwiki.innopolis.university/index.php/BSc:_Analytic_Geometry_And_Linear_Algebra_I.f22,True
What are the Intended Learning Outcomes (ILOs) at Level 1? - Analytical Geometry & Linear Algebra – I,"At Level 1, students should be able to explain the geometric interpretation of vector operations, restate equations of lines and planes, and understand the significance of geometry in various fields.",https://eduwiki.innopolis.university/index.php/BSc:_Analytic_Geometry_And_Linear_Algebra_I.f22,True
How is the course graded? - Analytical Geometry & Linear Algebra – I,"The grading is based on midterm (35%), tests (30%), and a final exam (35%). Grades range from A (85-100) to D (0-54).",https://eduwiki.innopolis.university/index.php/BSc:_Analytic_Geometry_And_Linear_Algebra_I.f22,False
What resources are provided for students in this course? - Analytical Geometry & Linear Algebra – I,"Students have access to open access resources such as textbooks by V.V. Konev, R.A. Sharipov, and P.R. Vital covering linear algebra and analytical geometry.",https://eduwiki.innopolis.university/index.php/BSc:_Analytic_Geometry_And_Linear_Algebra_I.f22,True
What teaching methods are used in the course? - Analytical Geometry & Linear Algebra – I,"Teaching methods include problem-based learning, differentiated learning, lectures, interactive lectures, lab exercises, quizzes, and discussions.",https://eduwiki.innopolis.university/index.php/BSc:_Analytic_Geometry_And_Linear_Algebra_I.f22,True
What are the recommended strategies for succeeding in the course? - Analytical Geometry & Linear Algebra – I,"Students should attend lectures, review materials before classes, and read the recommended literature to gain a deeper understanding of the material.",https://eduwiki.innopolis.university/index.php/BSc:_Analytic_Geometry_And_Linear_Algebra_I.f22,False
What types of assessments are included in the course? - Analytical Geometry & Linear Algebra – I,"Assessments include midterms, tests, quizzes, and a final exam. A retake exam is available, assessing knowledge from textbooks, lectures, and additional reading materials.",https://eduwiki.innopolis.university/index.php/BSc:_Analytic_Geometry_And_Linear_Algebra_I.f22,False
What are the ILOs at Level 2? - Analytical Geometry & Linear Algebra – I,"At Level 2, students should be able to perform vector algebra operations, solve problems involving lines and planes, and represent conic sections and quadric surfaces in canonical form.",https://eduwiki.innopolis.university/index.php/BSc:_Analytic_Geometry_And_Linear_Algebra_I.f22,True
What are the ILOs at Level 3? - Analytical Geometry & Linear Algebra – I,"At Level 3, students should be able to apply complex skills such as identifying the type of conic section, recognizing quadric surfaces, and using transformations in planes and spaces.",https://eduwiki.innopolis.university/index.php/BSc:_Analytic_Geometry_And_Linear_Algebra_I.f22,True
What is the main objective of the Software Project course?,"The course aims to introduce students to the process of software development in teams, helping them work with real customers to establish software requirements and launch the MVP version of a product.",https://eduwiki.innopolis.university/index.php/BSc:_Software_Project,False
What are the prerequisites for the Software Project course?,"Students need to have completed CSE101 (Introduction to Programming) and CSE112 (Software Systems Analysis and Design). They should have basic programming skills, knowledge of OOP, and familiarity with development frameworks or technologies.",https://eduwiki.innopolis.university/index.php/BSc:_Software_Project,True
What are the key topics covered in the Software Project course?,"The course covers topics such as software engineering principles, user research, customer conversations, product backlogs, iterative development (sprints), and tools like Git and Gitlab CI for continuous integration.",https://eduwiki.innopolis.university/index.php/BSc:_Software_Project,False
What are the intended learning outcomes (ILOs) for the Software Project course?,"Students will be able to describe key concepts like MVP, create prototypes, conduct usability testing, manage a product backlog, and apply hypothesis-driven development to build and improve products iteratively.",https://eduwiki.innopolis.university/index.php/BSc:_Software_Project,False
How is the Software Project course graded?,"The grading is based on assignments (50%), quizzes (15%), peer review (15%), and demo day (20%). The grading scale ranges from 'A' (90-100) to 'D' (0-59).",https://eduwiki.innopolis.university/index.php/BSc:_Software_Project,False
What recommendations are given to students for success in the Software Project course?,Active participation and coordination in team projects are crucial for success. Students should review lecture materials before class and focus on teamwork. Reading recommended literature is optional but beneficial for deeper understanding.,https://eduwiki.innopolis.university/index.php/BSc:_Software_Project,True
What resources and tools are used in the Software Project course?,"The course utilizes resources like 'The World and the Machine' (ICSE '95), Coursera's Agile Development, and tools such as Gitlab and Firebase Analytics for product development and analysis.",https://eduwiki.innopolis.university/index.php/BSc:_Software_Project,False
What teaching methods are used in the Software Project course?,"The course uses problem-based learning, project-based learning, differentiated learning, and contextual learning, with activities like group projects, lab exercises, quizzes, peer reviews, and presentations.",https://eduwiki.innopolis.university/index.php/BSc:_Software_Project,True
What types of assessments are included in the Software Project course?,"Students are assessed through ongoing performance assessments (e.g., quizzes, group projects), a final assessment, and the option of a retake exam if needed.",https://eduwiki.innopolis.university/index.php/BSc:_Software_Project,False
What is the role of real customers in the Software Project course?,"Real customers are involved to suggest project ideas and provide consultations, helping students to understand practical software development needs and improve the product iteratively based on feedback.",https://eduwiki.innopolis.university/index.php/BSc:_Software_Project,False
What is the main purpose of the Probability and Statistics course?,"The course is designed to provide Software Engineers and Computer Scientists with knowledge of basic concepts, definitions, theoretical results, and applied methods of Probability Theory and Mathematical Statistics, focusing on random experiments and their applications.",https://eduwiki.innopolis.university/index.php/BSc:_Probability_And_Statistics.f23,True
What are the prerequisites for the Probability and Statistics course?,"The course has unspecified prerequisite subjects and topics, but a foundational understanding of mathematics, particularly probability theory and statistics, is likely beneficial.",https://eduwiki.innopolis.university/index.php/BSc:_Probability_And_Statistics.f23,False
What are the main topics covered in the Probability and Statistics course?,"The course includes topics such as probability distributions, the law of large numbers, central limit theorem, hypothesis testing, regression models, and sampling distributions.",https://eduwiki.innopolis.university/index.php/BSc:_Probability_And_Statistics.f23,True
What is the grading structure for the Probability and Statistics course?,"The grading breakdown includes Midterm (25%), Tests (30%), Final exam (40%), and Sudden quizzes (12%).",https://eduwiki.innopolis.university/index.php/BSc:_Probability_And_Statistics.f23,False
What are the recommendations for succeeding in the Probability and Statistics course?,"To succeed, students should attend lectures, review materials before classes, and read recommended literature to deepen their understanding.",https://eduwiki.innopolis.university/index.php/BSc:_Probability_And_Statistics.f23,True
What resources and software are used in the Probability and Statistics course?,Resources include books like 'Probability & Statistics for Engineers & Scientists' and 'Probability: Theory and Examples.' The course does not use any specific software tools.,https://eduwiki.innopolis.university/index.php/BSc:_Probability_And_Statistics.f23,True
What teaching methods are used in the Probability and Statistics course?,"The course utilizes problem-based learning, differentiated learning, interactive lectures, lab exercises, quizzes, and discussions.",https://eduwiki.innopolis.university/index.php/BSc:_Probability_And_Statistics.f23,False
How is the final assessment conducted in the Probability and Statistics course?,"The final assessment is a comprehensive exam, which includes both oral and written components, covering material from lectures, textbooks, labs, and additional readings.",https://eduwiki.innopolis.university/index.php/BSc:_Probability_And_Statistics.f23,True
What is the grading scale for the Probability and Statistics course?,"The grading scale is: A (85-100), B (70-84), C (50-69), and D (0-49).",https://eduwiki.innopolis.university/index.php/BSc:_Probability_And_Statistics.f23,False
